{
    "contra_2": {
        "label": {
            "Amazon": {
                "contrastive_epochs_1": 3,
                "contrastive_epochs_2": 29,
                "steps": 13,
                "unlearn_lr": 0.00121403620901234,
                "weight_decay": 0.002069920548197936,
                "contrastive_margin": 762.9050052337532,
                "contrastive_frac": 0.045661846868437155,
                "k_hop": 2
            },
            "Cora": {
                "contrastive_epochs_1": 5,
                "contrastive_epochs_2": 13,
                "steps": 6,
                "unlearn_lr": 0.0031503561333829063,
                "weight_decay": 6.930830818136149e-05,
                "contrastive_margin": 9.141536671284824,
                "contrastive_frac": 0.08923921498483853,
                "k_hop": 1
            },
            "CS": {
                "contrastive_epochs_1": 4,
                "contrastive_epochs_2": 15,
                "steps": 7,
                "unlearn_lr": 0.0016710211310436707,
                "weight_decay": 0.00042915970682491796,
                "contrastive_margin": 199.7597366864024,
                "contrastive_frac": 0.07883730521316151,
                "k_hop": 1
            },
            "Computers": {
                "contrastive_epochs_1": 8,
                "contrastive_epochs_2": 27,
                "steps": 9,
                "unlearn_lr": 0.00795511017451776,
                "weight_decay": 3.458854556121334e-05,
                "contrastive_margin": 79.80663101219007,
                "contrastive_frac": 0.10895191501232199,
                "k_hop": 2
            }
        },
        "edge": {
            "Amazon": {
                "contrastive_epochs_1": 2,
                "contrastive_epochs_2": 29,
                "steps": 14,
                "unlearn_lr": 0.06035687367045353,
                "weight_decay": 0.0015352273729452991,
                "contrastive_margin": 380.0587703920768,
                "contrastive_frac": 0.022955685888798507,
                "k_hop": 1
            },
            "Cora": {
                "contrastive_epochs_1": 2,
                "contrastive_epochs_2": 28,
                "steps": 2,
                "unlearn_lr": 0.0023640518318065054,
                "weight_decay": 0.02837954600656391,
                "contrastive_margin": 38.01727416909736,
                "contrastive_frac": 0.02283735654920032,
                "k_hop": 2
            },
            "CS": {
                "contrastive_epochs_1": 4,
                "contrastive_epochs_2": 13,
                "steps": 14,
                "unlearn_lr": 0.09769656942728046,
                "weight_decay": 0.02822205977484786,
                "contrastive_margin": 102.75089846342115,
                "contrastive_frac": 0.07166521925092756,
                "k_hop": 2
            }
        }
    },
    "scrub": {
        "label": {
            "CS": {
                "unlearn_iters": 166,
                "unlearn_lr": 0.0053957499669709365,
                "scrubAlpha": 3.358859272312156,
                "msteps": 16
            },
            "Amazon": {
                "unlearn_iters": 187,
                "unlearn_lr": 0.049182840783646535,
                "scrubAlpha": 5.411248455026821e-06,
                "msteps": 10
            },
            "Cora": {
                "unlearn_iters": 200,
                "unlearn_lr": 0.00023154994199593712,
                "scrubAlpha": 0.0005417247418146597,
                "msteps": 10
            },
            "Computers": {
                "unlearn_iters": 146,
                "unlearn_lr": 0.005493937194422348,
                "scrubAlpha": 2.20978319651635,
                "msteps": 12
            }
        },
        "edge": {
            "CS": {
                "unlearn_iters": 194,
                "unlearn_lr": 0.00040967338557418217,
                "scrubAlpha": 5.392322603944527e-05,
                "msteps": 15
            },
            "Cora": {
                "unlearn_iters": 179,
                "unlearn_lr": 1.038925990358267e-05,
                "scrubAlpha": 1.029167222828157,
                "msteps": 28
            },
            "Amazon": {
                "unlearn_iters": 175,
                "unlearn_lr": 1.3682895931243676e-05,
                "scrubAlpha": 0.1590895385357308,
                "msteps": 10
            }
        }
    },
    "gnndelete": {
        "label": {
            "Computers": {
                "unlearn_lr": 0.016668141794627424,
                "weight_decay": 0.0028359557832335932,
                "unlearning_epochs": 182,
                "alpha": 0.0008760893405628501,
                "loss_type": "only3"
            },
            "CS": {
                "unlearn_lr": 0.005725874742067078,
                "weight_decay": 0.058993522688890375,
                "alpha": 0.0004347018284857774,
                "loss_type": "only3_all"
            },
            "Amazon": {
                "unlearn_lr": 0.020059978015846303,
                "weight_decay": 0.00029566357360931417,
                "alpha": 0.005774020742423502,
                "loss_type": "both_layerwise"
            },
            "Cora": {
                "unlearn_lr": 0.00785228088654986,
                "weight_decay": 0.013487389852885182,
                "alpha": 0.030931184203179786,
                "loss_type": "only3"
            }
        },
        "edge": {
            "CS": {
                "unlearn_lr": 0.030345670894830493,
                "weight_decay": 0.0001248150057741817,
                "alpha": 0.005582275538443194,
                "loss_type": "only3"
            },
            "Cora": {
                "unlearn_lr": 0.005422756347666263,
                "weight_decay": 0.00014552131861319983,
                "alpha": 0.08622856701817594,
                "loss_type": "both_layerwise"
            },
            "Amazon": {
                "unlearn_lr": 0.0019446403694572468,
                "weight_decay": 0.0006686213266273541,
                "alpha": 0.003536243137376904,
                "loss_type": "only3"
            },
            "Computers": {
                "unlearn_lr": 0.008842996022729172,
                "weight_decay": 0.018891633209321388,
                "unlearning_epochs": 122,
                "alpha": 0.0031969817598802505,
                "loss_type": "both_layerwise"
            }
        }
    },
    "gif": {
        "label": {
            "Computers": {
                "iteration": 563,
                "scale": 14449830545.981762,
                "damp": 0.49444478638616457
            },
            "CS": {
                "iteration": 311,
                "scale": 13593710861.056833,
                "damp": 0.024136982900471587
            },
            "Amazon": {
                "iteration": 653,
                "scale": 4052674060.691839,
                "damp": 0.8712017370625073
            },
            "Cora": {
                "iteration": 764,
                "scale": 1781482366.6699748,
                "damp": 0.8323545717962026
            }
        },
        "edge": {
            "CS": {
                "iteration": 704,
                "scale": 109034304.09351672,
                "damp": 0.34734427879783253
            },
            "Cora": {
                "iteration": 330,
                "scale": 10949953760.097603,
                "damp": 0.8295348289192035
            },
            "Amazon": {
                "iteration": 15,
                "scale": 12661315378.954214,
                "damp": 0.407225069980497
            },
            "Computers": {
                "iteration": 191,
                "scale": 749584979.7769716,
                "damp": 0.9524779430781272
            }
        }
    },
    "megu": {
        "label": {
            "Computers": {
                "unlearn_lr": 5.130813505978724e-06,
                "unlearning_epochs": 362,