{
    "contra_2": {
        "label": {
            "Amazon": {
                "contrastive_epochs_1": 7,
                "contrastive_epochs_2": 23,
                "steps": 13,
                "unlearn_lr": 0.02364002647917918,
                "weight_decay": 2.118867807099789e-05,
                "contrastive_margin": 20.480828990047343,
                "contrastive_frac": 0.06950237370515357,
                "k_hop": 1
            },
            "Cora": {
                "contrastive_epochs_1": 10,
                "contrastive_epochs_2": 29,
                "steps": 10,
                "unlearn_lr": 0.009749722995344675,
                "weight_decay": 1.3413666635065765e-05,
                "contrastive_margin": 550.3546605403507,
                "contrastive_frac": 0.0830729388282464,
                "k_hop": 2
            },
            "CS": {
                "contrastive_epochs_1": 2,
                "contrastive_epochs_2": 24,
                "steps": 15,
                "unlearn_lr": 0.015398259584725162,
                "weight_decay": 0.0001348292437482652,
                "contrastive_margin": 182.690128471231,
                "contrastive_frac": 0.06973472118208496,
                "k_hop": 2
            },
            "Computers": {
                "contrastive_epochs_1": 8,
                "contrastive_epochs_2": 27,
                "steps": 9,
                "unlearn_lr": 0.00795511017451776,
                "weight_decay": 3.458854556121334e-05,
                "contrastive_margin": 79.80663101219007,
                "contrastive_frac": 0.10895191501232199,
                "k_hop": 2
            }
        },
        "edge": {
            "Amazon": {
                "contrastive_epochs_1": 5,
                "contrastive_epochs_2": 25,
                "steps": 14,
                "unlearn_lr": 0.06074651059666654,
                "weight_decay": 1.9426178138197024e-05,
                "contrastive_margin": 209.66178319864625,
                "contrastive_frac": 0.033285927419715554,
                "k_hop": 2
            },
            "Cora": {
                "contrastive_epochs_1": 2,
                "contrastive_epochs_2": 26,
                "steps": 15,
                "unlearn_lr": 0.014627462678991185,
                "weight_decay": 9.536010373649415e-05,
                "contrastive_margin": 137.55451223539802,
                "contrastive_frac": 0.0824795220349824,
                "k_hop": 1
            }
        }
    },
    "scrub": {
        "label": {
            "CS": {
                "unlearn_iters": 152,
                "unlearn_lr": 0.037399415740733535,
                "scrubAlpha": 0.1791835051274982,
                "msteps": 12
            },
            "Amazon": {
                "unlearn_iters": 168,
                "unlearn_lr": 0.005415894185681528,
                "scrubAlpha": 3.5637209812607313,
                "msteps": 46
            },
            "Cora": {
                "unlearn_iters": 132,
                "unlearn_lr": 5.62244418247689e-05,
                "scrubAlpha": 2.1110840301139446,
                "msteps": 16
            },
            "Computers": {
                "unlearn_iters": 146,
                "unlearn_lr": 0.005493937194422348,
                "scrubAlpha": 2.20978319651635,
                "msteps": 12
            }
        },
        "edge": {
            "CS": {
                "unlearn_iters": 164,
                "unlearn_lr": 0.006796578090758156
            },
            "Cora": {
                "unlearn_iters": 144,
                "unlearn_lr": 0.06351221010640701
            },
            "Amazon": {
                "unlearn_iters": 144,
                "unlearn_lr": 0.06351221010640701
            }
        }
    },
    "gnndelete": {
        "label": {
            "Computers": {
                "unlearn_lr": 0.016668141794627424,
                "weight_decay": 0.0028359557832335932,
                "unlearning_epochs": 182,
                "alpha": 0.0008760893405628501,
                "loss_type": "only3"
            },
            "CS": {
                "unlearn_lr": 0.03594886302302719,
                "weight_decay": 0.00033499935622528836,
                "unlearning_epochs": 177,
                "alpha": 0.079621809714594,
                "loss_type": "only3_all"
            },
            "Amazon": {
                "unlearn_lr": 0.015709532466239344,
                "weight_decay": 7.829379105504289e-05,
                "unlearning_epochs": 132,
                "alpha": 0.002682458113346664,
                "loss_type": "both_layerwise"
            },
            "Cora": {
                "unlearn_lr": 0.013555124061685693,
                "weight_decay": 0.00025499741072346796,
                "unlearning_epochs": 36,
                "alpha": 0.04116495753554496,
                "loss_type": "only3_all"
            }
        },
        "edge": {
            "CS": {
                "unlearn_lr": 0.03443664967730748,
                "weight_decay": 0.07883805819794078,
                "unlearning_epochs": 67,
                "alpha": 0.0008804706594513051,
                "loss_type": "both_layerwise"
            },
            "Cora": {
                "unlearn_lr": 0.0003403061350483096,
                "weight_decay": 0.0005175581059356257,
                "unlearning_epochs": 132,
                "alpha": 0.0016307472054686587,
                "loss_type": "both_layerwise"
            },
            "Amazon": {
                "unlearn_lr": 0.09781611345397667,
                "weight_decay": 0.0038315226128998263,
                "unlearning_epochs": 122,
                "alpha": 0.0009088740931520274,
                "loss_type": "both_layerwise"
            },
            "Computers": {
                "unlearn_lr": 0.008842996022729172,
                "weight_decay": 0.018891633209321388,
                "unlearning_epochs": 122,
                "alpha": 0.0031969817598802505,
                "loss_type": "both_layerwise"
            }
        }
    },
    "gif": {
        "label": {
            "Computers": {
                "iteration": 563,
                "scale": 14449830545.981762,
                "damp": 0.49444478638616457
            },
            "CS": {
                "iteration": 937,
                "scale": 1036630937.1180391,
                "damp": 0.47884269469918034
            },
            "Amazon": {
                "iteration": 425,
                "scale": 2220965519.2504854,
                "damp": 0.5919470649791709
            },
            "Cora": {
                "iteration": 330,
                "scale": 3427065137.5485477,
                "damp": 0.2397278217220075
            }
        },
        "edge": {
            "CS": {
                "iteration": 602,
                "scale": 89955642.15601061,
                "damp": 0.14068317526753077
            },
            "Cora": {
                "iteration": 565,
                "scale": 496601263.1545921,
                "damp": 0.8552911006547071
            },
            "Amazon": {
                "iteration": 946,
                "scale": 6302314035.822043,
                "damp": 0.319971455555518
            },
            "Computers": {
                "iteration": 191,
                "scale": 749584979.7769716,
                "damp": 0.9524779430781272
            }
        }
    },
    "megu": {
        "label": {
            "Computers": {
                "unlearn_lr": 5.130813505978724e-06,
                "unlearning_epochs": 362,
                "kappa": 0.4507065298274842,
                "alpha1": 0.1132807095968088,
                "alpha2": 0.2238614666491252
            },
            "CS": {
                "unlearn_lr": 7.24872043169006e-06,
                "unlearning_epochs": 869,
                "kappa": 0.01760434411056529,
                "alpha1": 0.47133606689518726,