{
    "results": {
        "0": {
            "poisoned": {
                "forget": 0.4601770043373108,
                "utility": 0.571969696969697
            },
            "retrain": {
                "forget": 0.008849557489156723,
                "utility": 0.6521464646464646
            }
        },
        "1": {
            "poisoned": {
                "forget": 0.5448799133300781,
                "utility": 0.5732323232323232
            },
            "retrain": {
                "forget": 0.01011378038674593,
                "utility": 0.6458333333333334
            }
        },
        "2": {
            "poisoned": {
                "forget": 0.5271807909011841,
                "utility": 0.5419823232323232
            },
            "retrain": {
                "forget": 0.011378002353012562,
                "utility": 0.6325757575757576
            }
        },
        "3": {
            "poisoned": {
                "forget": 0.49051833152770996,
                "utility": 0.5621843434343434
            },
            "retrain": {
                "forget": 0.006321112625300884,
                "utility": 0.615530303030303
            }
        },
        "4": {
            "poisoned": {
                "forget": 0.5297092199325562,
                "utility": 0.5088383838383839
            },
            "retrain": {
                "forget": 0.02022756077349186,
                "utility": 0.6199494949494949
            }
        },
        "4": {
            "poisoned": {
                "forget": 0.48166877031326294,
                "utility": 0.5460858585858586
            },
            "retrain": {
                "forget": 0.011378002353012562,
                "utility": 0.6401515151515151
            }
        }
    },
    "arguments": {
        "train_ratio": 0.8,
        "attack_type": "trigger",
        "unlearning_model": "retrain",
        "gnn": "gcn",
        "hidden_dim": 64,
        "unlearning_epochs": 50,
        "request": "node",
        "edge_attack_type": "random",
        "df_size": 0.15,
        "test_poison_fraction": 0.2,
        "poison_tensor_size": 100,
        "dataset": "Cora",
        "random_seed": 4,
        "train_lr": 0.005191475570177285,
        "unlearn_lr": 0.05,
        "weight_decay": 0.00016211813194850176,
        "optimizer": "Adam",
        "training_epochs": 1208,
        "valid_freq": 30,
        "checkpoint_dir": "./checkpoint",
        "alpha": 0.5,
        "neg_sample_random": "non_connected",
        "loss_fct": "mse_mean",
        "loss_type": "both_layerwise",
        "num_clusters": 10,
        "kmeans_max_iters": 1,
        "shard_size_delta": 0.005,
        "terminate_delta": 0,
        "eval_steps": 1,
        "runs": 1,
        "num_remove_links": 11,
        "parallel_unlearning": 4,
        "lam": 0,
        "regen_feats": false,
        "regen_neighbors": false,
        "regen_links": false,
        "regen_subgraphs": false,
        "hop_neighbors": 20,
        "topk": 500,
        "eval_on_cpu": false,
        "num_edge_type": null,
        "iteration": 100,
        "scale": 100000,
        "damp": 0.1,
        "unlearn_iters": 50,
        "kd_T": 4,
        "scrubAlpha": 1,
        "msteps": 15,
        "wd": 0.0005,
        "contrastive_epochs_1": 30,
        "contrastive_epochs_2": 10,
        "contrastive_margin": 500,
        "contrastive_lambda": 0.8,
        "k_hop": 2,
        "contrastive_eps": 0.001,
        "contrastive_frac": 0.1,
        "num_runs": 2,
        "kappa": 0.01,
        "alpha1": 0.8,
        "alpha2": 0.5
    }
}